time,current,voltage,soc_true
0.0,-0.0051466686678357295,4.191491807505295,1.0
16.781,-0.001551905829224625,4.190749067776103,0.9999962889279084
35.703,-2.1131547402903386,3.9748709122299895,0.994298392800504
53.781,-2.1146783302036773,3.9517167075108937,0.9888507216142652
71.922,-2.111700775790703,3.934352489432596,0.9833917631224632
90.094,-2.113656959203591,3.920058441667911,0.977918410592062
108.281,-2.1151196399052696,3.907903509913092,0.9724367493417782
126.453,-2.112183029566806,3.8970357216910942,0.9669672135785544
144.641,-2.1189154220149677,3.887476580540445,0.9614754130226756
162.844,-2.113791491187085,3.878958592475142,0.955992374416895
181.016,-2.1138203123582504,3.871015984807792,0.9505185988805755
199.219,-2.1136817458938393,3.863479677493402,0.9450358449469978
217.391,-2.1143960234445007,3.856660507031456,0.9395605785965152
235.594,-2.1148576443273925,3.850013579168339,0.934074774458348
253.75,-2.1141371824030495,3.8438419054138055,0.9286049986288568
271.984,-2.1132781282069115,3.837687975719061,0.9231139562188788
290.141,-2.114079765616491,3.831938252983524,0.917644027682988
308.359,-2.113802774816055,3.826414443009924,0.9121564415409876
326.5,-2.1126433539018286,3.8210957343825593,0.906695046390146
344.75,-2.1151864156493745,3.815896664668625,0.901194222936166
362.906,-2.1137970312017456,3.810696821906357,0.8957253271587524
381.047,-2.109687758006105,3.8058373809696873,0.8902715725200037
399.187,-2.115399489403105,3.801121633463299,0.8848033539275594
417.281,-2.113879245282334,3.7962931305502456,0.8793529216228699
435.484,-2.1120899311173305,3.7914489063900754,0.8738742967540127
453.672,-2.1128123938033787,3.78662468670613,0.8683983140138787
471.812,-2.1145460120098174,3.782062923033413,0.8629323016245528
490.203,-2.112738033117205,3.7771754018686496,0.8573953951963841
508.344,-2.111236817977895,3.7724062939793614,0.8519376360821034
526.625,-2.112690339398436,3.767937459194956,0.8464339711681805
544.922,-2.1129086152941317,3.7632293036403497,0.8409249201881982
563.125,-2.1141392772792384,3.758511492029129,0.8354409794477571
581.406,-2.1142673589765444,3.754213210075249,0.8299332063182767
599.656,-2.113489410097616,3.7496292028995617,0.8244367961528237
617.875,-2.11304759690537,3.745168859636383,0.8189508693975457
636.047,-2.1130784330315198,3.741005008761193,0.8134790149710224
654.422,-2.114054040522745,3.736699828857414,0.8079434797066113
672.594,-2.1132603002127803,3.73248270531015,0.8024711543317667
690.812,-2.1162806300303934,3.7283525544000353,0.7969771354969445
708.937,-2.1118961404515417,3.724533235478666,0.7915224871057724
727.266,-2.1114229936084388,3.7206510260877055,0.7860076815142307
745.578,-2.1136459368001583,3.7164090082277776,0.7804921901614579
763.797,-2.1112958459962634,3.712791837839384,0.7750108113289029
782.109,-2.1143863327192087,3.7084276144367743,0.769493387936701
800.484,-2.1117016582849444,3.704791771654605,0.7639640122569472
818.797,-2.112782779556774,3.700682577796298,0.7584504722128816
837.016,-2.112931720849583,3.6967577147701225,0.7529648462968066
855.25,-2.112612994433702,3.6930393322124,0.7474755321391151
873.578,-2.1126843934635278,3.689176796697776,0.7419577329677598
891.812,-2.111246635142233,3.685214481541968,0.7364719690937327
910.141,-2.1140113255987414,3.681493741415728,0.7309504030625369
928.391,-2.1115822767170815,3.6777922137897634,0.7254589526509627
946.719,-2.113317878388095,3.674061813182095,0.7199394989766429
965.047,-2.1120133039010156,3.6703017649960343,0.7144234525220887
983.391,-2.1134300009009253,3.666733911530225,0.7088988873769212
1001.766,-2.11214765134602,3.662998049506258,0.7033683438886489
1020.172,-2.1132963508608196,3.659664386801439,0.6978254570782041
1038.594,-2.1146006574798855,3.6558941361243935,0.6922743279459775
1056.922,-2.1112515643216905,3.652326513003176,0.6867602709632216
1075.203,-2.1126226228487615,3.648763482293651,0.6812567824543267
1093.687,-2.1096750438137355,3.645546859271647,0.6756999447265039
1112.0,-2.1143953421352806,3.642076254837322,0.6701821965222639
1130.328,-2.1134579608140296,3.638464063053352,0.6646623769879527
1148.75,-2.1147657898365684,3.6350760693865416,0.6591108143596746
1167.125,-2.1116274528896444,3.6316648242502687,0.6535816329827033
1185.641,-2.111437553866258,3.628578536468816,0.6480105246574952
1203.984,-2.113024141822819,3.625012599283518,0.6424873215461707
1222.406,-2.113897703109483,3.621582226811228,0.6369380377696949
1240.797,-2.1149035388456228,3.618461251661822,0.6313954561454537
1259.156,-2.1132685092508585,3.615067251937504,0.6258667960187579
1277.547,-2.112820835682329,3.611881808758121,0.6203296725877956
1295.906,-2.1121298503805095,3.608578677267317,0.6148039913811316
1314.297,-2.1147674158125236,3.6055349411099233,0.6092617664979936
1332.687,-2.1124943619770202,3.6021858993564058,0.6037257996963594
1351.203,-2.116189592392822,3.598857145114916,0.5981421529366859
1369.687,-2.113387132523706,3.5957670937938047,0.5925755376487345
1388.125,-2.1145438599839803,3.5930166635689296,0.587019736443348
1406.578,-2.1142317875303034,3.589710093997269,0.5814602360000761
1425.062,-2.1171254051721116,3.5866522032766084,0.5758837741840774
1443.609,-2.113409546056212,3.583442038235367,0.5702981266672909
1462.047,-2.113463852124649,3.580485344347141,0.5647451630994111
1480.547,-2.1131459511486796,3.577250478130265,0.5591743650904369
1499.031,-2.1121642792506408,3.5743688339111253,0.5536109707711476
1517.672,-2.117039938952358,3.5712851276871667,0.5479873704507645
1536.109,-2.1128388891876124,3.568720665506147,0.5424363500053497
1554.781,-2.114515472796047,3.5655546732997907,0.5368101146515675
1573.281,-2.114582194892224,3.562595408782016,0.531235530333473
1591.859,-2.1113852388274847,3.559784470410582,0.5256459058979908
1610.406,-2.1112121079504726,3.556893753831353,0.5200660661124704
1628.953,-2.1141513013351805,3.553973587540843,0.5144784581694429
1647.562,-2.1139508951635233,3.551197827421948,0.5088727030778842
1666.062,-2.112327402434081,3.548515599577469,0.5033040629745422
1684.656,-2.1136733171372866,3.5458058311007727,0.4977035619522801
1703.219,-2.1140820036316703,3.543110721550116,0.4921113170383302
1721.891,-2.11438390787024,3.540293557597872,0.4864854317483079
1740.437,-2.113717348867535,3.537401005590436,0.4808992719280102
1759.016,-2.1116039854005324,3.5351870427542216,0.4753087674842539
1777.641,-2.1134560065464414,3.5325089411636674,0.4696995060392773
1796.328,-2.115582143641484,3.5299033377316102,0.4640659104510899
1815.047,-2.113617109004919,3.5275475345562626,0.4584279094412665
1833.75,-2.114443209275166,3.5250155059872195,0.4527925257825836
1852.391,-2.1125975929927474,3.5226033573884603,0.4471807258905732
1871.078,-2.1118283077169115,3.520112779230148,0.4415571264131807
1889.844,-2.110696330028266,3.5179689456722643,0.4359127800491157
1908.578,-2.11314648933683,3.515386248430449,0.4302715175366846
1927.281,-2.1142752526982096,3.5132836904357765,0.4246365815134574
1946.031,-2.113723035119243,3.5111398620917647,0.4189889605493698
1964.891,-2.1127349868951986,3.5088048409150656,0.413310862312732
1983.703,-2.1122333751051636,3.5068911484709,0.4076485599073359
2002.484,-2.111472463354171,3.504711595241825,0.4019976247499657
2021.187,-2.1158368832740444,3.5027863690522647,0.3963585266913668
2039.906,-2.113134467614088,3.500641192436392,0.3907218131108688
2058.641,-2.116106951856992,3.498840324724502,0.3850723457922246
2077.406,-2.1123738340117035,3.496510091730773,0.379423814522999
2096.312,-2.114847635543001,3.494762083941214,0.3737261755516224
2115.047,-2.112553210557462,3.49264904176421,0.3680861958183352
2133.969,-2.1122858563242453,3.490903811475105,0.3623906425437715
2152.812,-2.1129050668497453,3.488848632551381,0.3567172057354973
2171.625,-2.111854867942085,3.486869289553692,0.3510556170608969
2190.547,-2.1122059362588548,3.4849958723381325,0.3453602792822562
2209.422,-2.1142963542225672,3.4831738120107745,0.3396734654578113
2228.297,-2.112527455251342,3.480996352828119,0.3339914094333331
2247.219,-2.115940727706478,3.479328828837194,0.328286001188332
2265.969,-2.114745857005094,3.477212881390962,0.3226356473636811
2284.937,-2.1138786486603736,3.4753105413831458,0.3169219427778367
2303.859,-2.1122531208904283,3.473443290386014,0.3112264777708747
2322.797,-2.113538009126385,3.4711879019081686,0.3055227293186151
2341.766,-2.1125416023120196,3.469158039902223,0.2998123376617559
2360.594,-2.1130488587266676,3.4671579943063167,0.2941430314084957
2379.578,-2.110814611480946,3.465097993031564,0.2884327960845746
2398.672,-2.1132914261792246,3.463197485444895,0.2826827344673891
2417.797,-2.114666630143889,3.460765705112582,0.2769195894848588
2436.906,-2.1151762115080657,3.4585295432468413,0.2711598783461053
2455.969,-2.1112976218343342,3.4563759463501422,0.2654245683634411
2474.984,-2.1127868983277405,3.4538210537417333,0.2596996642888218
2494.031,-2.109144813859125,3.4515907122275227,0.2539750112432717
2513.187,-2.1175130850078827,3.4493434152393183,0.2481947546154632
2532.391,-2.1145516043967003,3.446911775455076,0.242408118477687
2551.547,-2.1121546033833214,3.444337080026871,0.2366424891025479
2570.578,-2.1116749958583774,3.4418610480967886,0.2309157832560686
2589.703,-2.114200065923065,3.4389402660812247,0.2251539098107207
2608.797,-2.1118568326725438,3.436361034951056,0.2194077515837429
2627.953,-2.1145846483682136,3.433670809048502,0.2136354888216702
2647.234,-2.1133021775191114,3.4308965803729032,0.2078290835595504
2666.516,-2.1134835094527253,3.4278208975786204,0.2020218789063974
2685.812,-2.111651670660883,3.424844059133908,0.1962154948266358
2704.969,-2.1123583959389207,3.4217572691161324,0.190449008139157
2724.203,-2.1110888966885253,3.418746324042909,0.1846628230397564
2743.453,-2.1130702823345935,3.415457808616587,0.1788663894379051
2762.625,-2.110410268523777,3.4117760087144955,0.1731007098903968
2781.922,-2.116010604493412,3.408293969372279,0.1672820385684578
2801.25,-2.115850114783602,3.404357793933063,0.161454461769683
2820.625,-2.1135197210274095,3.4002362406403064,0.1556191481126724
2839.937,-2.1102058509460857,3.396130717871789,0.1498119283025744
2859.234,-2.1131518902645143,3.391813378425516,0.1440011179613249
2878.578,-2.113095360188137,3.387048291986388,0.1381763105688747
2897.937,-2.113011017234557,3.382030920346834,0.1323472190953439
2917.281,-2.1123596975189716,3.3765480941020134,0.1265244395779412
2936.687,-2.113710071171698,3.3704516808092,0.1206792630317501
2956.078,-2.1137862631932007,3.3637870289545013,0.1148383940188502
2975.453,-2.1110297321399916,3.356852193816097,0.1090099550865066
2994.969,-2.1141190922580204,3.348677494802443,0.1031305085304881
3014.453,-2.1125981218968017,3.339590897464596,0.0972649253284032
3033.891,-2.114780270456396,3.329635127433192,0.0914071458647872
3053.375,-2.110571969371113,3.3182079062628267,0.0855471882315674
3072.859,-2.1145602923920896,3.304941442777412,0.0796761571053469
3092.328,-2.111563369887282,3.290377365663085,0.0738179603504113
3111.828,-2.1129269471239485,3.273715693930023,0.0679466466840261
3131.234,-2.111644707709537,3.2545164612946103,0.0621071816184364
3150.672,-2.111796820858688,3.233102643098978,0.0562576660818243
3170.187,-2.1123028787649956,3.20827869027007,0.0503835714895042
3189.734,-2.1116145258442947,3.179961764719949,0.0445017621434429
3209.297,-2.112274484447131,3.1472229932322944,0.038613298511216
3229.016,-2.114065875500418,3.109330581432899,0.0326728451258651
3248.625,-2.1155485848152766,3.0653815793591006,0.0267613867028788
3268.328,-2.111649430476236,3.013061223566897,0.0208325380214517
3287.969,-2.1149278187133684,2.949205490547093,0.0149131700993373
3307.625,-2.1111396066748918,2.866018014123437,0.008999892243745
3327.234,-2.1148171734155876,2.757251912656085,0.0030904775970683
3346.937,-2.113271054052187,2.612467347907089,0.0
3366.781,-0.00441065639085078,2.998125197302409,0.0
3386.641,-0.003075244622943675,3.070351070397463,0.0
3406.656,-0.00024276018033687002,3.1162693589147907,0.0
3426.625,-0.0012929344059857402,3.1486527065601044,0.0
3446.875,-0.00106510315052925,3.1729060552867048,0.0
3466.984,-0.00173732722142301,3.191026108138008,0.0
3487.078,-0.003222507780565605,3.2060361324327813,0.0
3507.328,-0.0016345531259612102,3.2184494026949326,0.0
3527.562,-0.0036306202314592352,3.228753411472076,0.0
3547.781,0.000242976096412245,3.2380951342838293,0.0
3568.062,0.0007650145364876701,3.245843999200618,0.0
3588.328,-0.002792139892368435,3.2526143396330323,0.0
3608.594,-0.00158820882185049,3.258704513444923,0.0
3628.953,-0.00160827581998524,3.264120580580119,0.0
3649.375,-0.000425961678703995,3.2690299526255497,0.0
3669.875,-0.000406975630410195,3.2732067322427087,0.0
3690.234,-0.006854768814187245,3.277169976825196,0.0
